<?xml version="1.0" encoding="UTF-8"?>
<beans xmlns="http://www.springframework.org/schema/beans"
    xmlns:xsi="http://www.w3.org/2001/XMLSchema-instance"
    xsi:schemaLocation="http://www.springframework.org/schema/beans
        http://www.springframework.org/schema/beans/spring-beans.xsd">
	
		<!-- datasource configuration -->
	 <bean id="dataSource" class="org.apache.commons.dbcp2.BasicDataSource">
    	<property name="driverClassName" value="com.mysql.jdbc.Driver"/>
        <property name="url" value="jdbc:mysql://localhost/damsdb"/>
        <property name="username" value="root"/>
        <property name="password" value="root"/>
        <property name="initialSize" value="3"/>
        <property name="maxIdle" value="10"/>
    </bean>
</beans>